Restaurant_Name,URL
ข้าวผัดพ่นไฟ,"https://www.google.com/maps/place/%E0%B8%82%E0%B9%89%E0%B8%B2%E0%B8%A7%E0%B8%9C%E0%B8%B1%E0%B8%94%E0%B8%9E%E0%B9%88%E0%B8%99%E0%B9%84%E0%B8%9F/@18.7951147,98.9625655,19z/data=!3m1!4b1!4m6!3m5!1s0x30da3bd2bc6bc6a9:0xaee3904e4cc92d9d!8m2!3d18.7951134!4d98.9632092!16s%2Fg%2F11mkqmcr7t?entry=ttu&g_ep=EgoyMDI2MDEyNS4wIKXMDSoKLDEwMDc5MjA3M0gBUAM%3D"
October : Japanese Home Cooking,"https://www.google.com/maps/place/October+:+Japanese+Home+Cooking/@18.7950131,98.96292,19z/data=!3m1!4b1!4m6!3m5!1s0x30da3a702314e179:0x60d025cf5d848c9e!8m2!3d18.7950118!4d98.9635637!16s%2Fg%2F11b6v8_4kp?entry=ttu&g_ep=EgoyMDI2MDEyNS4wIKXMDSoKLDEwMDc5MjA3M0gBUAM%3D"
ครัวป้าอ้อย,"https://www.google.com/maps/place/%E0%B8%84%E0%B8%A3%E0%B8%B1%E0%B8%A7%E0%B8%9B%E0%B9%89%E0%B8%B2%E0%B8%AD%E0%B9%89%E0%B8%AD%E0%B8%A2/@18.7949296,98.9634376,19.71z/data=!4m6!3m5!1s0x30da3bd391eac2f7:0x9a6ac25cbacba641!8m2!3d18.7949734!4d98.9639108!16s%2Fg%2F11nxfy0y3z?entry=ttu&g_ep=EgoyMDI2MDEyNS4wIKXMDSoKLDEwMDc5MjA3M0gBUAM%3D"
ละออ ก๋วยเตี๋ยวบะช่อ L'aor Thai noodle,"https://www.google.com/maps/place/%E0%B8%A5%E0%B8%B0%E0%B8%AD%E0%B8%AD+%E0%B8%81%E0%B9%8B%E0%B8%A7%E0%B8%A2%E0%B9%80%E0%B8%95%E0%B8%B5%E0%B9%8B%E0%B8%A2%E0%B8%A7%E0%B8%9A%E0%B8%B0%E0%B8%8A%E0%B9%88%E0%B8%AD+L'aor+Thai+noodle/@18.7949681,98.9632539,19z/data=!3m1!4b1!4m6!3m5!1s0x30da314837f22861:0xf2c7f54674d35ccd!8m2!3d18.7949668!4d98.9638976!16s%2Fg%2F11rsyvnjm8?entry=ttu&g_ep=EgoyMDI2MDEyNS4wIKXMDSoKLDEwMDc5MjA3M0gBUAM%3D"
Beer Lab,"https://www.google.com/maps/place/Beer+Lab/@18.7954545,98.964995,19.65z/data=!4m6!3m5!1s0x30da3a631c62feed:0x4361654b091a8519!8m2!3d18.7956602!4d98.9656397!16s%2Fg%2F11b8vg9gry?entry=ttu&g_ep=EgoyMDI2MDEyNS4wIKXMDSoKLDEwMDc5MjA3M0gBUAM%3D"
S&A Beverages Nimman,"https://www.google.com/maps/place/S%26A+Beverages+Nimman/@18.7962412,98.9633002,17z/data=!3m1!4b1!4m6!3m5!1s0x30da3b7ac949270d:0x3170876391c6f3ad!8m2!3d18.7962361!4d98.9658751!16s%2Fg%2F11x27j7h2p?entry=ttu&g_ep=EgoyMDI2MDEyNS4wIKXMDSoKLDEwMDc5MjA3M0gBUAM%3D"
SUMI to SUSHI ???,"https://www.google.com/maps/place/SUMI+to+SUSHI+%E7%82%AD%E3%81%A8%E9%AE%A8/@18.7962563,98.963083,17z/data=!3m1!4b1!4m6!3m5!1s0x30da3b31cf508c9d:0x46c67f4dfbd2ffe9!8m2!3d18.7962512!4d98.9656579!16s%2Fg%2F11x8j2b6rc?entry=ttu&g_ep=EgoyMDI2MDEyNS4wIKXMDSoKLDEwMDc5MjA3M0gBUAM%3D"
Tai Kin Grand Sushi (Tanpark),"https://www.google.com/maps/place/Tai+Kin+Grand+Sushi+(Tanpark)/@18.7968296,98.961228,17z/data=!3m1!4b1!4m6!3m5!1s0x30da3b90ced394e9:0xf6c82acc1672e81d!8m2!3d18.7968245!4d98.9638029!16s%2Fg%2F11wbzb5gq9?entry=ttu&g_ep=EgoyMDI2MDEyNS4wIKXMDSoKLDEwMDc5MjA3M0gBUAM%3D"
ตะวันแดง มหาซน เชียงใหม่,"https://www.google.com/maps/place/%E0%B8%95%E0%B8%B0%E0%B8%A7%E0%B8%B1%E0%B8%99%E0%B9%81%E0%B8%94%E0%B8%87+%E0%B8%A1%E0%B8%AB%E0%B8%B2%E0%B8%8B%E0%B8%99+%E0%B9%80%E0%B8%8A%E0%B8%B5%E0%B8%A2%E0%B8%87%E0%B9%83%E0%B8%AB%E0%B8%A1%E0%B9%88/@18.7971241,98.9614863,17z/data=!3m1!4b1!4m6!3m5!1s0x30da3b984a6e905b:0x695301c5fe3472cb!8m2!3d18.797119!4d98.9640612!16s%2Fg%2F11sdqy4kb_?entry=ttu&g_ep=EgoyMDI2MDEyNS4wIKXMDSoKLDEwMDc5MjA3M0gBUAM%3D"
น้องบีอาหารเมียนมา,"https://www.google.com/maps/place/%E0%B8%99%E0%B9%89%E0%B8%AD%E0%B8%87%E0%B8%9A%E0%B8%B5%E0%B8%AD%E0%B8%B2%E0%B8%AB%E0%B8%B2%E0%B8%A3%E0%B9%80%E0%B8%A1%E0%B8%B5%E0%B8%A2%E0%B8%99%E0%B8%A1%E0%B8%B2/@18.7966131,98.9651577,18z/data=!3m1!4b1!4m6!3m5!1s0x30da3a63001c91c3:0x38a023f8cbd1e8a0!8m2!3d18.7966116!4d98.9659075!16s%2Fg%2F11b7jhvzqd?entry=ttu&g_ep=EgoyMDI2MDEyNS4wIKXMDSoKLDEwMDc5MjA3M0gBUAM%3D"
ลุงพัน อาหารตามสั่ง,"https://www.google.com/maps/place/%E0%B8%A5%E0%B8%B8%E0%B8%87%E0%B8%9E%E0%B8%B1%E0%B8%99+%E0%B8%AD%E0%B8%B2%E0%B8%AB%E0%B8%B2%E0%B8%A3%E0%B8%95%E0%B8%B2%E0%B8%A1%E0%B8%AA%E0%B8%B1%E0%B9%88%E0%B8%87/@18.7966642,98.9644794,18z/data=!3m1!4b1!4m6!3m5!1s0x30da3a63006575f7:0x7385c1f4074cbca7!8m2!3d18.7966617!4d98.9657669!16s%2Fg%2F11g9w656jr?entry=ttu&g_ep=EgoyMDI2MDEyNS4wIKXMDSoKLDEwMDc5MjA3M0gBUAM%3D"
Anchan Vegetarian Restaurant,"https://www.google.com/maps/place/Anchan+Vegetarian+Restaurant/@18.796646,98.9642996,18z/data=!3m1!4b1!4m6!3m5!1s0x30da3a63a83b5351:0x34ceabaaaadb98c8!8m2!3d18.7966435!4d98.9655871!16s%2Fg%2F12hw7hv2r?entry=ttu&g_ep=EgoyMDI2MDEyNS4wIKXMDSoKLDEwMDc5MjA3M0gBUAM%3D"
yesterday cafe',"https://www.google.com/maps/place/yesterday+cafe'/@18.7969085,98.9659066,20.17z/data=!4m6!3m5!1s0x30da3b9201e43e91:0x3cdce4b3d7ff4235!8m2!3d18.7969984!4d98.9661932!16s%2Fg%2F11gycttxr7?entry=ttu&g_ep=EgoyMDI2MDEyNS4wIKXMDSoKLDEwMDc5MjA3M0gBUAM%3D"
ลิทเทิล โซล,"https://www.google.com/maps/place/%E0%B8%A5%E0%B8%B4%E0%B8%97%E0%B9%80%E0%B8%97%E0%B8%B4%E0%B8%A5+%E0%B9%82%E0%B8%8B%E0%B8%A5/@18.7966705,98.9662513,18.9z/data=!4m9!3m8!1s0x30da3b488d87da7d:0x401233b85d34a485!5m2!4m1!1i2!8m2!3d18.7970761!4d98.9661151!16s%2Fg%2F11txrb270_?entry=ttu&g_ep=EgoyMDI2MDEyNS4wIKXMDSoKLDEwMDc5MjA3M0gBUAM%3D"
Nainoi Malatang นายน้อยหม่าล่าทัง,"https://www.google.com/maps/place/Nainoi+Malatang+%E0%B8%99%E0%B8%B2%E0%B8%A2%E0%B8%99%E0%B9%89%E0%B8%AD%E0%B8%A2%E0%B8%AB%E0%B8%A1%E0%B9%88%E0%B8%B2%E0%B8%A5%E0%B9%88%E0%B8%B2%E0%B8%97%E0%B8%B1%E0%B8%87/@18.7974042,98.9663237,21z/data=!4m6!3m5!1s0x30da3b002b536d6d:0xf557a50c71784916!8m2!3d18.7973597!4d98.9662637!16s%2Fg%2F11w7rzb3rs?entry=ttu&g_ep=EgoyMDI2MDEyNS4wIKXMDSoKLDEwMDc5MjA3M0gBUAM%3D"
จงเฮง ก๋วยเตี๋ยวต้มยำ สาขานิมมาน ซอย 6,"https://www.google.com/maps/place/%E0%B8%88%E0%B8%87%E0%B9%80%E0%B8%AE%E0%B8%87+%E0%B8%81%E0%B9%8B%E0%B8%A7%E0%B8%A2%E0%B9%80%E0%B8%95%E0%B8%B5%E0%B9%8B%E0%B8%A2%E0%B8%A7%E0%B8%95%E0%B9%89%E0%B8%A1%E0%B8%A2%E0%B8%B3+%E0%B8%AA%E0%B8%B2%E0%B8%82%E0%B8%B2%E0%B8%99%E0%B8%B4%E0%B8%A1%E0%B8%A1%E0%B8%B2%E0%B8%99+%E0%B8%8B%E0%B8%AD%E0%B8%A2+6/@18.7983355,98.963928,19.73z/data=!4m6!3m5!1s0x30da3bcbef63746f:0x24d847d611247784!8m2!3d18.7983882!4d98.9640647!16s%2Fg%2F11y9hvtt6d?entry=ttu&g_ep=EgoyMDI2MDEyNS4wIKXMDSoKLDEwMDc5MjA3M0gBUAM%3D"
Smoothie Blues,"https://www.google.com/maps/place/Smoothie+Blues/@18.7978559,98.966458,21z/data=!4m6!3m5!1s0x115b287016bad475:0x42aba002fe64560c!8m2!3d18.7978454!4d98.9664512!16s%2Fg%2F11b6_ch7v8?entry=ttu&g_ep=EgoyMDI2MDEyNS4wIKXMDSoKLDEwMDc5MjA3M0gBUAM%3D"
Uchi Japanese Gastro Chiang Mai,"https://www.google.com/maps/place/Uchi+Japanese+Gastro+Chiang+Mai/@18.7977742,98.9641142,19.62z/data=!4m6!3m5!1s0x30da3b0dc8fe7cf1:0xd9445dc27b7f70c6!8m2!3d18.7978365!4d98.9646663!16s%2Fg%2F11j0qnszy7?entry=ttu&g_ep=EgoyMDI2MDEyNS4wIKXMDSoKLDEwMDc5MjA3M0gBUAM%3D"
Thai Halal & Vegan มรกฎ More rar kot,"https://www.google.com/maps/place/Thai+Halal+%26+Vegan+%E0%B8%A1%E0%B8%A3%E0%B8%81%E0%B8%8E+More+rar+kot/@18.7979367,98.9663677,20.53z/data=!4m6!3m5!1s0x30da3b53c7d349a7:0xf4514a38eb754fbc!8m2!3d18.7980041!4d98.9665644!16s%2Fg%2F11y7gmftgc?entry=ttu&g_ep=EgoyMDI2MDEyNS4wIKXMDSoKLDEwMDc5MjA3M0gBUAM%3D"
ร้านก๋วยเตี๋ยวป้าเกี๋ยง,"https://www.google.com/maps/place/%E0%B8%A3%E0%B9%89%E0%B8%B2%E0%B8%99%E0%B8%81%E0%B9%8B%E0%B8%A7%E0%B8%A2%E0%B9%80%E0%B8%95%E0%B8%B5%E0%B9%8B%E0%B8%A2%E0%B8%A7%E0%B8%9B%E0%B9%89%E0%B8%B2%E0%B9%80%E0%B8%81%E0%B8%B5%E0%B9%8B%E0%B8%A2%E0%B8%87/@18.7986634,98.9667277,21z/data=!4m6!3m5!1s0x30da3a623a6a133d:0x70762bce1cd16b27!8m2!3d18.798631!4d98.9667572!16s%2Fg%2F11c55v4rkp?entry=ttu&g_ep=EgoyMDI2MDEyNS4wIKXMDSoKLDEwMDc5MjA3M0gBUAM%3D"
ไก่ย่างเชิงดอย,"https://www.google.com/maps/place/%E0%B9%84%E0%B8%81%E0%B9%88%E0%B8%A2%E0%B9%88%E0%B8%B2%E0%B8%87%E0%B9%80%E0%B8%8A%E0%B8%B4%E0%B8%87%E0%B8%94%E0%B8%AD%E0%B8%A2/@18.7986209,98.9648567,17.87z/data=!4m6!3m5!1s0x30da3a622edf94b3:0xf783ee7220bc8a30!8m2!3d18.7992595!4d98.9660815!16s%2Fg%2F11b75qnv0p?entry=ttu&g_ep=EgoyMDI2MDEyNS4wIKXMDSoKLDEwMDc5MjA3M0gBUAM%3D"
ร้านอร่อยดี Aroi Dee,"https://www.google.com/maps/place/%E0%B8%A3%E0%B9%89%E0%B8%B2%E0%B8%99%E0%B8%AD%E0%B8%A3%E0%B9%88%E0%B8%AD%E0%B8%A2%E0%B8%94%E0%B8%B5+Aroi+Dee+;/@18.7986615,98.9650141,19.79z/data=!4m6!3m5!1s0x30da3a8870730487:0xcc58b97ec7895877!8m2!3d18.7990701!4d98.9645861!16s%2Fg%2F11hbgpg5b7?entry=ttu&g_ep=EgoyMDI2MDEyNS4wIKXMDSoKLDEwMDc5MjA3M0gBUAM%3D"
Rainy's Veggie Burgers,"https://www.google.com/maps/place/Rainy's+Veggie+Burgers/@18.8004715,98.9644232,18.54z/data=!4m6!3m5!1s0x30da3b091451a1ad:0xde67095ee37c6b15!8m2!3d18.800526!4d98.9643433!16s%2Fg%2F11v9kvkcm1?entry=ttu&g_ep=EgoyMDI2MDEyNS4wIKXMDSoKLDEwMDc5MjA3M0gBUAM%3D"
อังเคิลคานิ,"https://www.google.com/maps/place/%E0%B8%AD%E0%B8%B1%E0%B8%87%E0%B9%80%E0%B8%84%E0%B8%B4%E0%B8%A5%E0%B8%84%E0%B8%B2%E0%B8%99%E0%B8%B4/@18.800924,98.9628384,18z/data=!3m1!4b1!4m6!3m5!1s0x30da3bc623b95e35:0x914f20413464a6c5!8m2!3d18.8009223!4d98.9637209!16s%2Fg%2F11rtz8rw_v?entry=ttu&g_ep=EgoyMDI2MDEyNS4wIKXMDSoKLDEwMDc5MjA3M0gBUAM%3D"
โบตั๋น อาหารญี่ปุ่น,"https://www.google.com/maps/place/%E0%B9%82%E0%B8%9A%E0%B8%95%E0%B8%B1%E0%B9%8B%E0%B8%99+%E0%B8%AD%E0%B8%B2%E0%B8%AB%E0%B8%B2%E0%B8%A3%E0%B8%8D%E0%B8%B5%E0%B9%88%E0%B8%9B%E0%B8%B8%E0%B9%88%E0%B8%99/@18.8020251,98.963119,18z/data=!3m1!4b1!4m6!3m5!1s0x30da3a612242cb45:0x60fcb105807a450a!8m2!3d18.8020226!4d98.9644065!16s%2Fg%2F11bw50tm7k?entry=ttu&g_ep=EgoyMDI2MDEyNS4wIKXMDSoKLDEwMDc5MjA3M0gBUAM%3D"
Fresh Harvest Farm Chiang Mai,"https://www.google.com/maps/place/Fresh+Harvest+Farm+Chiang+Mai/@18.7996083,98.9645844,17z/data=!3m1!4b1!4m6!3m5!1s0x30da3b58ccbea2a1:0x2b9725738c87135d!8m2!3d18.7996032!4d98.9671593!16s%2Fg%2F11s7xy1x43?entry=ttu&g_ep=EgoyMDI2MDEyNS4wIKXMDSoKLDEwMDc5MjA3M0gBUAM%3D"
Hong Tauw Inn,"https://www.google.com/maps/place/Hong+Tauw+Inn/@18.7997681,98.9669932,20.21z/data=!4m6!3m5!1s0x30da3a6190520bbb:0xf7a370ebda7ea799!8m2!3d18.7998708!4d98.967257!16s%2Fg%2F1tdxybf7?entry=ttu&g_ep=EgoyMDI2MDEyNS4wIKXMDSoKLDEwMDc5MjA3M0gBUAM%3D"
Nara Thai Cuisine Chiang Mai,"https://www.google.com/maps/place/Nara+Thai+Cuisine+Chiang+Mai/@18.8003339,98.9674845,18.71z/data=!4m6!3m5!1s0x30da3be6be583c95:0xabc30ff6e09f974a!8m2!3d18.8009827!4d98.9679724!16s%2Fg%2F11fpqpt6f0?entry=ttu&g_ep=EgoyMDI2MDEyNS4wIKXMDSoKLDEwMDc5MjA3M0gBUAM%3D"
Eat@Rincome,"https://www.google.com/maps/place/Eat@Rincome/@18.8010455,98.968094,20.53z/data=!4m6!3m5!1s0x30da3a61e7a126ad:0xabfdea873932c26d!8m2!3d18.8009168!4d98.9681533!16s%2Fg%2F11fylnrf9t?entry=ttu&g_ep=EgoyMDI2MDEyNS4wIKXMDSoKLDEwMDc5MjA3M0gBUAM%3D"
The Sax Music House One Nimman,"https://www.google.com/maps/place/The+Sax+Music+House+One+Nimman/@18.800446,98.9652929,17z/data=!3m1!4b1!4m6!3m5!1s0x30da3b1efc2a9c8d:0xbac3d7f20b9495ea!8m2!3d18.8004409!4d98.9678678!16s%2Fg%2F11qn9vcjpv?entry=ttu&g_ep=EgoyMDI2MDEyNS4wIKXMDSoKLDEwMDc5MjA3M0gBUAM%3D"
Ginger Farm Kitchen,"https://www.google.com/maps/place/Ginger+Farm+Kitchen/@18.7998499,98.9649723,17z/data=!3m1!4b1!4m6!3m5!1s0x30da3a61f48bb323:0x1c789385723e8a4c!8m2!3d18.7998448!4d98.9675472!16s%2Fg%2F11hbr1pn66?entry=ttu&g_ep=EgoyMDI2MDEyNS4wIKXMDSoKLDEwMDc5MjA3M0gBUAM%3D"
The happy frog,"https://www.google.com/maps/place/The+happy+frog/@18.7999,98.9653169,17z/data=!3m1!4b1!4m6!3m5!1s0x30da3b0729e8e51f:0x196dfc6ac7f60407!8m2!3d18.7998949!4d98.9678918!16s%2Fg%2F11ptrc8zrg?entry=ttu&g_ep=EgoyMDI2MDEyNS4wIKXMDSoKLDEwMDc5MjA3M0gBUAM%3D"
Skugga Estate - One Nimman Branch,"https://www.google.com/maps/place/Skugga+Estate+-+One+Nimman+Branch/@18.7999442,98.9654734,17z/data=!3m1!4b1!4m6!3m5!1s0x30da3b30f59ba315:0xa36d008de40d75f1!8m2!3d18.7999391!4d98.9680483!16s%2Fg%2F11vb827cf3?entry=ttu&g_ep=EgoyMDI2MDEyNS4wIKXMDSoKLDEwMDc5MjA3M0gBUAM%3D"
ร้านเขียวไข่กา เชียงใหม่ วัน นิมมาน,"https://www.google.com/maps/place/%E0%B8%A3%E0%B9%89%E0%B8%B2%E0%B8%99%E0%B9%80%E0%B8%82%E0%B8%B5%E0%B8%A2%E0%B8%A7%E0%B9%84%E0%B8%82%E0%B9%88%E0%B8%81%E0%B8%B2+%E0%B9%80%E0%B8%8A%E0%B8%B5%E0%B8%A2%E0%B8%87%E0%B9%83%E0%B8%AB%E0%B8%A1%E0%B9%88+%E0%B8%A7%E0%B8%B1%E0%B8%99+%E0%B8%99%E0%B8%B4%E0%B8%A1%E0%B8%A1%E0%B8%B2%E0%B8%99/@18.7998149,98.9658543,17z/data=!3m1!4b1!4m6!3m5!1s0x30da3a0555555555:0xa539fcc1643d457e!8m2!3d18.7998098!4d98.9684292!16s%2Fg%2F11f5418fcs?entry=ttu&g_ep=EgoyMDI2MDEyNS4wIKXMDSoKLDEwMDc5MjA3M0gBUAM%3D"
ภัตตาคารเจี่ยท้งเฮง สาขาวัน นิมมาน,"https://www.google.com/maps/place/%E0%B8%A0%E0%B8%B1%E0%B8%95%E0%B8%95%E0%B8%B2%E0%B8%84%E0%B8%B2%E0%B8%A3%E0%B9%80%E0%B8%88%E0%B8%B5%E0%B9%88%E0%B8%A2%E0%B8%97%E0%B9%89%E0%B8%87%E0%B9%80%E0%B8%AE%E0%B8%87+%E0%B8%AA%E0%B8%B2%E0%B8%82%E0%B8%B2%E0%B8%A7%E0%B8%B1%E0%B8%99+%E0%B8%99%E0%B8%B4%E0%B8%A1%E0%B8%A1%E0%B8%B2%E0%B8%99/@18.7999028,98.9661024,17z/data=!3m1!4b1!4m6!3m5!1s0x30da3b8ec510b599:0x2fd697cfbd3d68e4!8m2!3d18.7998977!4d98.9686773!16s%2Fg%2F11h5w8fmr5?entry=ttu&g_ep=EgoyMDI2MDEyNS4wIKXMDSoKLDEwMDc5MjA3M0gBUAM%3D"
Maemot Boat Noodles,"https://www.google.com/maps/place/Maemot+Boat+Noodles/@18.7998248,98.9662293,17z/data=!3m1!4b1!4m6!3m5!1s0x30dbcd9e8b12953b:0x9bf6d4aa446f7100!8m2!3d18.7998197!4d98.9688042!16s%2Fg%2F11jyk3b3ft?entry=ttu&g_ep=EgoyMDI2MDEyNS4wIKXMDSoKLDEwMDc5MjA3M0gBUAM%3D"
Lonely Hearts Caf?,"https://www.google.com/maps/place/Lonely+Hearts+Caf%C3%A9/@18.7997905,98.9664578,17z/data=!3m1!4b1!4m6!3m5!1s0x30da3b35dd1bfc3f:0xe4077524289a5888!8m2!3d18.7997854!4d98.9690327!16s%2Fg%2F11frp160j_?entry=ttu&g_ep=EgoyMDI2MDEyNS4wIKXMDSoKLDEwMDc5MjA3M0gBUAM%3D"
Mix Beef Club & Restaurant,"https://www.google.com/maps/place/Mix+Beef+Club+%26+Restaurant/@18.799608,98.9665376,17z/data=!3m1!4b1!4m6!3m5!1s0x30da3a8a01b61201:0x55f7fe630bb6ff43!8m2!3d18.7996029!4d98.9691125!16s%2Fg%2F1hc262lhr?entry=ttu&g_ep=EgoyMDI2MDEyNS4wIKXMDSoKLDEwMDc5MjA3M0gBUAM%3D"
ก๋วยเตี๋ยวตำลึง,"https://www.google.com/maps/place/%E0%B8%81%E0%B9%8B%E0%B8%A7%E0%B8%A2%E0%B9%80%E0%B8%95%E0%B8%B5%E0%B9%8B%E0%B8%A2%E0%B8%A7%E0%B8%95%E0%B8%B3%E0%B8%A5%E0%B8%B6%E0%B8%87/@18.799627,98.965243,17z/data=!3m1!4b1!4m6!3m5!1s0x30da3a61f5e66539:0x6e694a7bf09807ec!8m2!3d18.7996219!4d98.9678179!16s%2Fg%2F1hm1xfm95?entry=ttu&g_ep=EgoyMDI2MDEyNS4wIKXMDSoKLDEwMDc5MjA3M0gBUAM%3D"
Rogu Roti at Nimman Soi 3,"https://www.google.com/maps/place/Rogu+Roti+at+Nimman+Soi+3/@18.7991747,98.9646664,17z/data=!3m1!4b1!4m6!3m5!1s0x30da3a62217c7241:0x76def369cf4c28e2!8m2!3d18.7991696!4d98.9672413!16s%2Fg%2F1q69lv9fv?entry=ttu&g_ep=EgoyMDI2MDEyNS4wIKXMDSoKLDEwMDc5MjA3M0gBUAM%3D"
สมาย คิชเช่น ร้านอาหารญี่ปุน,"https://www.google.com/maps/place/%E0%B8%AA%E0%B8%A1%E0%B8%B2%E0%B8%A2+%E0%B8%84%E0%B8%B4%E0%B8%8A%E0%B9%80%E0%B8%8A%E0%B9%88%E0%B8%99+%E0%B8%A3%E0%B9%89%E0%B8%B2%E0%B8%99%E0%B8%AD%E0%B8%B2%E0%B8%AB%E0%B8%B2%E0%B8%A3%E0%B8%8D%E0%B8%B5%E0%B9%88%E0%B8%9B%E0%B8%B8%E0%B8%99/@18.7991086,98.9649257,17z/data=!3m1!4b1!4m6!3m5!1s0x30da3a6218b826c9:0x7c82a048f457a3fc!8m2!3d18.7991035!4d98.9675006!16s%2Fg%2F11bw5x9_vj?entry=ttu&g_ep=EgoyMDI2MDEyNS4wIKXMDSoKLDEwMDc5MjA3M0gBUAM%3D"
Jarid Thai Food,"https://www.google.com/maps/place/Jarid+Thai+Food/@18.799104,98.966098,17z/data=!3m1!4b1!4m6!3m5!1s0x30da3a6200a90da3:0xf5afbe66712ab0cf!8m2!3d18.7990989!4d98.9686729!16s%2Fg%2F11cjgft8p1?entry=ttu&g_ep=EgoyMDI2MDEyNS4wIKXMDSoKLDEwMDc5MjA3M0gBUAM%3D"
เฮือนอุ๊ยผัดเชียงใหม่ -Huen Ui Phat Chiangmai,"https://www.google.com/maps/place/%E0%B9%80%E0%B8%AE%E0%B8%B7%E0%B8%AD%E0%B8%99%E0%B8%AD%E0%B8%B8%E0%B9%8A%E0%B8%A2%E0%B8%9C%E0%B8%B1%E0%B8%94%E0%B9%80%E0%B8%8A%E0%B8%B5%E0%B8%A2%E0%B8%87%E0%B9%83%E0%B8%AB%E0%B8%A1%E0%B9%88+-Huen+Ui+Phat+Chiangmai/@18.7990354,98.9661879,17z/data=!3m1!4b1!4m6!3m5!1s0x30da3b004cc1039b:0xb617e49a0ca9271d!8m2!3d18.7990303!4d98.9687628!16s%2Fg%2F11xmr4c7f1?entry=ttu&g_ep=EgoyMDI2MDEyNS4wIKXMDSoKLDEwMDc5MjA3M0gBUAM%3D"
เฮือนเพ็ญ นิมมานเหมินทร์,"https://www.google.com/maps/place/%E0%B9%80%E0%B8%AE%E0%B8%B7%E0%B8%AD%E0%B8%99%E0%B9%80%E0%B8%9E%E0%B9%87%E0%B8%8D+%E0%B8%99%E0%B8%B4%E0%B8%A1%E0%B8%A1%E0%B8%B2%E0%B8%99%E0%B9%80%E0%B8%AB%E0%B8%A1%E0%B8%B4%E0%B8%99%E0%B8%97%E0%B8%A3%E0%B9%8C/@18.7985884,98.9646817,17z/data=!3m1!4b1!4m6!3m5!1s0x30da3b13a779a8bb:0x5283643a2d030e79!8m2!3d18.7985833!4d98.9672566!16s%2Fg%2F11tnwh8d1h?entry=ttu&g_ep=EgoyMDI2MDEyNS4wIKXMDSoKLDEwMDc5MjA3M0gBUAM%3D"
เฮวตี้จั้งฟู้ดแอนด์ดริ้ง,"https://www.google.com/maps/place/%E0%B9%80%E0%B8%AE%E0%B8%A7%E0%B8%95%E0%B8%B5%E0%B9%89%E0%B8%88%E0%B8%B1%E0%B9%89%E0%B8%87%E0%B8%9F%E0%B8%B9%E0%B9%89%E0%B8%94%E0%B9%81%E0%B8%AD%E0%B8%99%E0%B8%94%E0%B9%8C%E0%B8%94%E0%B8%A3%E0%B8%B4%E0%B9%89%E0%B8%87/@18.7987709,98.964985,17z/data=!3m1!4b1!4m6!3m5!1s0x30da3bd049def94f:0x1930b324c1185b8d!8m2!3d18.7987658!4d98.9675599!16s%2Fg%2F11rfpzwlm5?entry=ttu&g_ep=EgoyMDI2MDEyNS4wIKXMDSoKLDEwMDc5MjA3M0gBUAM%3D"
แยงซีเกียง,"https://www.google.com/maps/place/%E0%B9%81%E0%B8%A2%E0%B8%87%E0%B8%8B%E0%B8%B5%E0%B9%80%E0%B8%81%E0%B8%B5%E0%B8%A2%E0%B8%87/@18.7984781,98.9654624,17z/data=!3m1!4b1!4m6!3m5!1s0x30da3a89e4dd4f9b:0x99c7988af7ed3410!8m2!3d18.798473!4d98.9680373!16s%2Fg%2F1pzxrtxtn?entry=ttu&g_ep=EgoyMDI2MDEyNS4wIKXMDSoKLDEwMDc5MjA3M0gBUAM%3D"
มานิเฟรชโต้,"https://www.google.com/maps/place/%E0%B8%A1%E0%B8%B2%E0%B8%99%E0%B8%B4%E0%B9%80%E0%B8%9F%E0%B8%A3%E0%B8%8A%E0%B9%82%E0%B8%95%E0%B9%89/@18.7986081,98.9660696,17z/data=!3m1!4b1!4m6!3m5!1s0x30da3a6208123461:0x7db1b6746ce734bd!8m2!3d18.798603!4d98.9686445!16s%2Fg%2F11b67dcp7g?entry=ttu&g_ep=EgoyMDI2MDEyNS4wIKXMDSoKLDEwMDc5MjA3M0gBUAM%3D"
KL?Y caf?,"https://www.google.com/maps/place/KL%C4%80Y+cafe/@18.7985086,98.9660304,17z/data=!3m1!4b1!4m6!3m5!1s0x30da3bae5a6a0723:0x583d7bde3cef9d53!8m2!3d18.7985035!4d98.9686053!16s%2Fg%2F11t9bhgzz8?entry=ttu&g_ep=EgoyMDI2MDEyNS4wIKXMDSoKLDEwMDc5MjA3M0gBUAM%3D"
Hachi Grill Bar,"https://www.google.com/maps/place/Hachi+Grill+Bar/@18.7984676,98.9660619,17z/data=!3m1!4b1!4m6!3m5!1s0x30da3a89e279bc19:0x7f3864af196b57aa!8m2!3d18.7984625!4d98.9686368!16s%2Fg%2F11c6s1y57_?entry=ttu&g_ep=EgoyMDI2MDEyNS4wIKXMDSoKLDEwMDc5MjA3M0gBUAM%3D"
The Bowl Spot,"https://www.google.com/maps/place/The+Bowl+Spot/@18.7983706,98.9660447,17z/data=!3m1!4b1!4m6!3m5!1s0x30da3bbc525e18e1:0xb82fac4a53381d74!8m2!3d18.7983655!4d98.9686196!16s%2Fg%2F11l5np7lw7?entry=ttu&g_ep=EgoyMDI2MDEyNS4wIKXMDSoKLDEwMDc5MjA3M0gBUAM%3D"
NORI Sky Terrace,"https://www.google.com/maps/place/NORI+Sky+Terrace/@18.7986482,98.9661356,17z/data=!3m1!4b1!4m6!3m5!1s0x30da3a6209ab0ae7:0xf08ed0da0d7c0f48!8m2!3d18.7986431!4d98.9687105!16s%2Fg%2F11b77dtc79?entry=ttu&g_ep=EgoyMDI2MDEyNS4wIKXMDSoKLDEwMDc5MjA3M0gBUAM%3D"
Accha Authentic Indian Cuisine.,"https://www.google.com/maps/place/Accha+Authentic+Indian+Cuisine./@18.7987059,98.9662945,17z/data=!3m1!4b1!4m6!3m5!1s0x30da3b3c5dd8f11f:0x3327c607359dcfb1!8m2!3d18.7987008!4d98.9688694!16s%2Fg%2F11bt_j_kxl?entry=ttu&g_ep=EgoyMDI2MDEyNS4wIKXMDSoKLDEwMDc5MjA3M0gBUAM%3D"
Botan Bar Nimman soi 5,"https://www.google.com/maps/place/Botan+Bar+Nimman+soi+5/@18.79869,98.9670579,17z/data=!3m1!4b1!4m6!3m5!1s0x30da3bedf5633d83:0xbcaa4b676c3fba78!8m2!3d18.7986849!4d98.9696328!16s%2Fg%2F11tds2rgj2?entry=ttu&g_ep=EgoyMDI2MDEyNS4wIKXMDSoKLDEwMDc5MjA3M0gBUAM%3D"
Co&Co caf?,"https://www.google.com/maps/place/Co%26Co+cafe/@18.7983349,98.9672964,17z/data=!3m1!4b1!4m6!3m5!1s0x30da3b866097ab4f:0xa99be4af5947cfe8!8m2!3d18.7983298!4d98.9698713!16s%2Fg%2F11lyck4fny?entry=ttu&g_ep=EgoyMDI2MDEyNS4wIKXMDSoKLDEwMDc5MjA3M0gBUAM%3D"
Maison Chiang Mai (ไม่สน),"https://www.google.com/maps/place/Maison+Chiang+Mai+(%E0%B9%84%E0%B8%A1%E0%B9%88%E0%B8%AA%E0%B8%99)/@18.7983927,98.9678924,17z/data=!3m1!4b1!4m6!3m5!1s0x30da3b669459b233:0x356cc8f5615acdd0!8m2!3d18.7983876!4d98.9704673!16s%2Fg%2F11vldbp_j6?entry=ttu&g_ep=EgoyMDI2MDEyNS4wIKXMDSoKLDEwMDc5MjA3M0gBUAM%3D"
Garden Grove,"https://www.google.com/maps/place/Garden+Grove/@18.7982663,98.9679191,17z/data=!3m1!4b1!4m6!3m5!1s0x30da3bf5aa4862eb:0x86a56a138ebcdcc1!8m2!3d18.7982612!4d98.970494!16s%2Fg%2F11x7388qzz?entry=ttu&g_ep=EgoyMDI2MDEyNS4wIKXMDSoKLDEwMDc5MjA3M0gBUAM%3D"
โซลบายนิมมาน,"https://www.google.com/maps/place/%E0%B9%82%E0%B8%8B%E0%B8%A5%E0%B8%9A%E0%B8%B2%E0%B8%A2%E0%B8%99%E0%B8%B4%E0%B8%A1%E0%B8%A1%E0%B8%B2%E0%B8%99/@18.7981731,98.9682738,17z/data=!3m1!4b1!4m6!3m5!1s0x30da3b3d5677e68f:0x5259950ac770e6d8!8m2!3d18.798168!4d98.9708487!16s%2Fg%2F11s8w900n1?entry=ttu&g_ep=EgoyMDI2MDEyNS4wIKXMDSoKLDEwMDc5MjA3M0gBUAM%3D"
Ivy's Wonder Wine Bar,"https://www.google.com/maps/place/Ivy's+Wonder+Wine+Bar/@18.7980493,98.9671142,19.04z/data=!4m6!3m5!1s0x30da3b6383e74fed:0x6c4fcb95b5affb74!8m2!3d18.798084!4d98.9673781!16s%2Fg%2F11kj2b8770?entry=ttu&g_ep=EgoyMDI2MDEyNS4wIKXMDSoKLDEwMDc5MjA3M0gBUAM%3D"
SHELBY BAR,"https://www.google.com/maps/place/SHELBY+BAR/@18.7981917,98.9668194,19z/data=!3m1!4b1!4m6!3m5!1s0x30da3b03ea22f44f:0xf2e05ea8e9a4bdc2!8m2!3d18.7981904!4d98.9674631!16s%2Fg%2F11ptgwv5vx?entry=ttu&g_ep=EgoyMDI2MDEyNS4wIKXMDSoKLDEwMDc5MjA3M0gBUAM%3D"
Shabu Moto ชาบูโมโตะ นิมมาน,"https://www.google.com/maps/place/Shabu+Moto+%E0%B8%8A%E0%B8%B2%E0%B8%9A%E0%B8%B9%E0%B9%82%E0%B8%A1%E0%B9%82%E0%B8%95%E0%B8%B0+%E0%B8%99%E0%B8%B4%E0%B8%A1%E0%B8%A1%E0%B8%B2%E0%B8%99/@18.7981249,98.96696,19z/data=!3m1!4b1!4m6!3m5!1s0x30da3ba3978d042d:0xbec5c0af2f79d86d!8m2!3d18.7981236!4d98.9676037!16s%2Fg%2F11pds041xz?entry=ttu&g_ep=EgoyMDI2MDEyNS4wIKXMDSoKLDEwMDc5MjA3M0gBUAM%3D"
Today. Curry Bar & Beer : Nimman Soi 7,"https://www.google.com/maps/place/Today.+Curry+Bar+%26+Beer+:+Nimman+Soi+7/@18.7981592,98.9684853,19z/data=!3m1!4b1!4m6!3m5!1s0x30da3ba6f9ae2b81:0x12072cd49031da3d!8m2!3d18.7981579!4d98.969129!16s%2Fg%2F11v5vqtbqs?entry=ttu&g_ep=EgoyMDI2MDEyNS4wIKXMDSoKLDEwMDc5MjA3M0gBUAM%3D"
Living machine,"https://www.google.com/maps/place/Living+machine/@18.798134,98.9687756,19z/data=!3m1!4b1!4m6!3m5!1s0x30da3a89e8148b4b:0xc4291a68656f4285!8m2!3d18.7981327!4d98.9694193!16s%2Fg%2F11b7lmy0vh?entry=ttu&g_ep=EgoyMDI2MDEyNS4wIKXMDSoKLDEwMDc5MjA3M0gBUAM%3D"
Blackitch Artisan Kitchen (Reservation Only),"https://www.google.com/maps/place/Blackitch+Artisan+Kitchen+(Reservation+Only)/@18.7981315,98.9669821,17z/data=!3m1!4b1!4m6!3m5!1s0x30da3a89e835d653:0xb74c9c29cee87a26!8m2!3d18.7981264!4d98.969557!16s%2Fg%2F11bwh5gphr?entry=ttu&g_ep=EgoyMDI2MDEyNS4wIKXMDSoKLDEwMDc5MjA3M0gBUAM%3D"
ข้าวซอยนิมมาน,"https://www.google.com/maps/place/%E0%B8%82%E0%B9%89%E0%B8%B2%E0%B8%A7%E0%B8%8B%E0%B8%AD%E0%B8%A2%E0%B8%99%E0%B8%B4%E0%B8%A1%E0%B8%A1%E0%B8%B2%E0%B8%99/@18.797929,98.9667042,17z/data=!3m1!4b1!4m6!3m5!1s0x30da3a89dde356f5:0xa8e9df0a32571ee1!8m2!3d18.7979239!4d98.9692791!16s%2Fg%2F11b6h_ctvw?entry=ttu&g_ep=EgoyMDI2MDEyNS4wIKXMDSoKLDEwMDc5MjA3M0gBUAM%3D"
Lavish Nimman,"https://www.google.com/maps/place/Lavish+Nimman/@18.7978907,98.9672965,17z/data=!3m1!4b1!4m6!3m5!1s0x30da3b0031fdca93:0x2be106a814d14431!8m2!3d18.7978856!4d98.9698714!16s%2Fg%2F11wn0mvl30?entry=ttu&g_ep=EgoyMDI2MDEyNS4wIKXMDSoKLDEwMDc5MjA3M0gBUAM%3D"
Pizza my Heart @ nimman,"https://www.google.com/maps/place/Pizza+my+Heart+@+nimman/@18.7979556,98.9674807,17z/data=!3m1!4b1!4m6!3m5!1s0x30da3b45c112456b:0x33a55a84cd2f8a0f!8m2!3d18.7979505!4d98.9700556!16s%2Fg%2F11h4wk54lx?entry=ttu&g_ep=EgoyMDI2MDEyNS4wIKXMDSoKLDEwMDc5MjA3M0gBUAM%3D"
Real Good Pasta,"https://www.google.com/maps/place/Real+Good+Pasta/@18.7977839,98.9646125,17z/data=!3m1!4b1!4m6!3m5!1s0x30da3b00451089cf:0x244bfec87a1570ed!8m2!3d18.7977788!4d98.9671874!16s%2Fg%2F11ld5ttcgt?entry=ttu&g_ep=EgoyMDI2MDEyNS4wIKXMDSoKLDEwMDc5MjA3M0gBUAM%3D"
Okada Izakaya,"https://www.google.com/maps/place/Okada+Izakaya/@18.7977774,98.9646737,17z/data=!3m1!4b1!4m6!3m5!1s0x30da3b95f3031fe9:0xd81d50db347c72c!8m2!3d18.7977723!4d98.9672486!16s%2Fg%2F11qsn_yv75?entry=ttu&g_ep=EgoyMDI2MDEyNS4wIKXMDSoKLDEwMDc5MjA3M0gBUAM%3D"
Kiwami Curry ??,"https://www.google.com/maps/place/Kiwami+Curry+%E6%A5%B5%E3%81%BF/@18.7972258,98.965991,17z/data=!3m1!4b1!4m6!3m5!1s0x30da3b6b4d9d9e63:0x8e5006a66e78ee63!8m2!3d18.7972207!4d98.9685659!16s%2Fg%2F11vs3nhl5z?entry=ttu&g_ep=EgoyMDI2MDEyNS4wIKXMDSoKLDEwMDc5MjA3M0gBUAM%3D"
86 Eighty Six Ramen,"https://www.google.com/maps/place/86+Eighty+Six+Ramen/@18.7971625,98.9659697,17z/data=!3m1!4b1!4m6!3m5!1s0x30da3b7e86c71cb1:0x173f64269cfd0fca!8m2!3d18.7971574!4d98.9685446!16s%2Fg%2F11t4yw45ch?entry=ttu&g_ep=EgoyMDI2MDEyNS4wIKXMDSoKLDEwMDc5MjA3M0gBUAM%3D"
โกปี๊ นิมมาน อาหารเช้า,"https://www.google.com/maps/place/%E0%B9%82%E0%B8%81%E0%B8%9B%E0%B8%B5%E0%B9%8A+%E0%B8%99%E0%B8%B4%E0%B8%A1%E0%B8%A1%E0%B8%B2%E0%B8%99+%E0%B8%AD%E0%B8%B2%E0%B8%AB%E0%B8%B2%E0%B8%A3%E0%B9%80%E0%B8%8A%E0%B9%89%E0%B8%B2/@18.7974006,98.9663179,17z/data=!3m1!4b1!4m6!3m5!1s0x30da3bd086a7eb75:0x52bc2adea5f50c1b!8m2!3d18.7973955!4d98.9688928!16s%2Fg%2F11grpsz1l5?entry=ttu&g_ep=EgoyMDI2MDEyNS4wIKXMDSoKLDEwMDc5MjA3M0gBUAM%3D"
Chai'n'Thai @ Nimman,"https://www.google.com/maps/place/Chai'n'Thai+@+Nimman/@18.7973564,98.9667719,17z/data=!3m1!4b1!4m6!3m5!1s0x30da3b76d234049d:0xb8bf4943f9e8379e!8m2!3d18.7973513!4d98.9693468!16s%2Fg%2F11qh7jspnj?entry=ttu&g_ep=EgoyMDI2MDEyNS4wIKXMDSoKLDEwMDc5MjA3M0gBUAM%3D"
Lumi - Italian Restaurant,"https://www.google.com/maps/place/Lumi+-+Italian+Restaurant/@18.7972425,98.966875,17z/data=!3m1!4b1!4m6!3m5!1s0x30da3b68b8e63823:0x51aa755a0a2fc8c9!8m2!3d18.7972374!4d98.9694499!16s%2Fg%2F11m79bjxt8?entry=ttu&g_ep=EgoyMDI2MDEyNS4wIKXMDSoKLDEwMDc5MjA3M0gBUAM%3D"
Shishitei เชียงใหม่,"https://www.google.com/maps/place/Shishitei+%E0%B9%80%E0%B8%8A%E0%B8%B5%E0%B8%A2%E0%B8%87%E0%B9%83%E0%B8%AB%E0%B8%A1%E0%B9%88/@18.79755,98.9667161,17z/data=!3m1!4b1!4m6!3m5!1s0x30da3bbc48cfed5f:0x390fb4e995fa00ef!8m2!3d18.7975449!4d98.969291!16s%2Fg%2F11vhc_1ny1?entry=ttu&g_ep=EgoyMDI2MDEyNS4wIKXMDSoKLDEwMDc5MjA3M0gBUAM%3D"
สุกี้จินดา สาขาเชียงใหม่1 (นิมมาน),"https://www.google.com/maps/place/%E0%B8%AA%E0%B8%B8%E0%B8%81%E0%B8%B5%E0%B9%89%E0%B8%88%E0%B8%B4%E0%B8%99%E0%B8%94%E0%B8%B2+%E0%B8%AA%E0%B8%B2%E0%B8%82%E0%B8%B2%E0%B9%80%E0%B8%8A%E0%B8%B5%E0%B8%A2%E0%B8%87%E0%B9%83%E0%B8%AB%E0%B8%A1%E0%B9%881+(%E0%B8%99%E0%B8%B4%E0%B8%A1%E0%B8%A1%E0%B8%B2%E0%B8%99)/@18.797524,98.9672242,17z/data=!3m1!4b1!4m6!3m5!1s0x30da3bc8cc9532c3:0x64a3614ef24ce224!8m2!3d18.7975189!4d98.9697991!16s%2Fg%2F11scmq3ct_?entry=ttu&g_ep=EgoyMDI2MDEyNS4wIKXMDSoKLDEwMDc5MjA3M0gBUAM%3D"
Caravan Bar | Gin Specialists of Chiang Mai,"https://www.google.com/maps/place/Caravan+Bar+%7C+Gin+Specialists+of+Chiang+Mai/@18.797437,98.9677314,17z/data=!3m1!4b1!4m6!3m5!1s0x30da3a89b96bbeb7:0x65a14a5555565ec1!8m2!3d18.7974319!4d98.9703063!16s%2Fg%2F11ggw0xd_1?entry=ttu&g_ep=EgoyMDI2MDEyNS4wIKXMDSoKLDEwMDc5MjA3M0gBUAM%3D"
Newtown Nimman,"https://www.google.com/maps/place/Newtown+Nimman/@18.7974206,98.9682491,17z/data=!3m1!4b1!4m6!3m5!1s0x30da3b63868a65d7:0x8637998ac24c83cd!8m2!3d18.7974155!4d98.970824!16s%2Fg%2F11qbg_8fms?entry=ttu&g_ep=EgoyMDI2MDEyNS4wIKXMDSoKLDEwMDc5MjA3M0gBUAM%3D"
โค บี คิว,"https://www.google.com/maps/place/%E0%B9%82%E0%B8%84+%E0%B8%9A%E0%B8%B5+%E0%B8%84%E0%B8%B4%E0%B8%A7/@18.7973331,98.9640257,17z/data=!3m1!4b1!4m6!3m5!1s0x30da3a6250390807:0xeaa426b9ea6ec69e!8m2!3d18.797328!4d98.9666006!16s%2Fg%2F11dxlfclf9?entry=ttu&g_ep=EgoyMDI2MDEyNS4wIKXMDSoKLDEwMDc5MjA3M0gBUAM%3D"
อาหารจีนเสฉวน???????(guosetianxiang Chinese food),"https://www.google.com/maps/place/%E0%B8%AD%E0%B8%B2%E0%B8%AB%E0%B8%B2%E0%B8%A3%E0%B8%88%E0%B8%B5%E0%B8%99%E0%B9%80%E0%B8%AA%E0%B8%89%E0%B8%A7%E0%B8%99%E5%9B%BD%E8%89%B2%E5%A4%A9%E9%A6%99%E4%B8%AD%E9%A4%90%E5%8E%85(guosetianxiang+Chinese+food)/@18.7972263,98.9641844,17z/data=!3m1!4b1!4m6!3m5!1s0x30da3a88e4898e7b:0xc366e112c44e4e1f!8m2!3d18.7972212!4d98.9667593!16s%2Fg%2F11g8_8cbqm?entry=ttu&g_ep=EgoyMDI2MDEyNS4wIKXMDSoKLDEwMDc5MjA3M0gBUAM%3D"
MIDDLE 11 - Acai bowl & Brunch,"https://www.google.com/maps/place/MIDDLE+11+-+Acai+bowl+%26+Brunch/@18.79687,98.9651062,17z/data=!3m1!4b1!4m6!3m5!1s0x30da3b39f7e109c9:0x182e9308fbbb32a!8m2!3d18.7968649!4d98.9676811!16s%2Fg%2F11kqbmp2kd?entry=ttu&g_ep=EgoyMDI2MDEyNS4wIKXMDSoKLDEwMDc5MjA3M0gBUAM%3D"
ร้านเนื้อตุ๋นรสเยี่ยม นิมมาน ซอย 11,"https://www.google.com/maps/place/%E0%B8%A3%E0%B9%89%E0%B8%B2%E0%B8%99%E0%B9%80%E0%B8%99%E0%B8%B7%E0%B9%89%E0%B8%AD%E0%B8%95%E0%B8%B8%E0%B9%8B%E0%B8%99%E0%B8%A3%E0%B8%AA%E0%B9%80%E0%B8%A2%E0%B8%B5%E0%B9%88%E0%B8%A2%E0%B8%A1+%E0%B8%99%E0%B8%B4%E0%B8%A1%E0%B8%A1%E0%B8%B2%E0%B8%99+%E0%B8%8B%E0%B8%AD%E0%B8%A2+11/@18.7968033,98.9657626,17z/data=!3m1!4b1!4m6!3m5!1s0x30da3aa83ac7d6d9:0x3a8fdcb450cfc42d!8m2!3d18.7967982!4d98.9683375!16s%2Fg%2F1hc1b50rc?entry=ttu&g_ep=EgoyMDI2MDEyNS4wIKXMDSoKLDEwMDc5MjA3M0gBUAM%3D"
เซียะ ก๋วยเตี๋ยวปลา,"https://www.google.com/maps/place/%E0%B9%80%E0%B8%8B%E0%B8%B5%E0%B8%A2%E0%B8%B0+%E0%B8%81%E0%B9%8B%E0%B8%A7%E0%B8%A2%E0%B9%80%E0%B8%95%E0%B8%B5%E0%B9%8B%E0%B8%A2%E0%B8%A7%E0%B8%9B%E0%B8%A5%E0%B8%B2/@18.7969533,98.9661698,17z/data=!3m1!4b1!4m6!3m5!1s0x30da3a627f4e478b:0x6370a76fae5c6ecd!8m2!3d18.7969482!4d98.9687447!16s%2Fg%2F11bwl3qs56?entry=ttu&g_ep=EgoyMDI2MDEyNS4wIKXMDSoKLDEwMDc5MjA3M0gBUAM%3D"
ซันมัย นิมมานเหมินท์,"https://www.google.com/maps/place/%E0%B8%8B%E0%B8%B1%E0%B8%99%E0%B8%A1%E0%B8%B1%E0%B8%A2+%E0%B8%99%E0%B8%B4%E0%B8%A1%E0%B8%A1%E0%B8%B2%E0%B8%99%E0%B9%80%E0%B8%AB%E0%B8%A1%E0%B8%B4%E0%B8%99%E0%B8%97%E0%B9%8C/@18.7968026,98.9659723,17z/data=!3m1!4b1!4m6!3m5!1s0x30da3bb756f4bc13:0x8c38135119dcb318!8m2!3d18.7967975!4d98.9685472!16s%2Fg%2F11spmqb8gx?entry=ttu&g_ep=EgoyMDI2MDEyNS4wIKXMDSoKLDEwMDc5MjA3M0gBUAM%3D"
ชา ชา ชาบู สาขานิมมานเหมินทร์ ซอย11,"https://www.google.com/maps/place/%E0%B8%8A%E0%B8%B2+%E0%B8%8A%E0%B8%B2+%E0%B8%8A%E0%B8%B2%E0%B8%9A%E0%B8%B9+%E0%B8%AA%E0%B8%B2%E0%B8%82%E0%B8%B2%E0%B8%99%E0%B8%B4%E0%B8%A1%E0%B8%A1%E0%B8%B2%E0%B8%99%E0%B9%80%E0%B8%AB%E0%B8%A1%E0%B8%B4%E0%B8%99%E0%B8%97%E0%B8%A3%E0%B9%8C+%E0%B8%8B%E0%B8%AD%E0%B8%A211/@18.7967442,98.966273,17z/data=!3m1!4b1!4m6!3m5!1s0x30da3ba237b88171:0xe537bf0043bc7b7f!8m2!3d18.7967391!4d98.9688479!16s%2Fg%2F11wtbtxtw9?entry=ttu&g_ep=EgoyMDI2MDEyNS4wIKXMDSoKLDEwMDc5MjA3M0gBUAM%3D"
ร้านอาหารเกาหลีมิโซเน่เชียงใหม่,"https://www.google.com/maps/place/%E0%B8%A3%E0%B9%89%E0%B8%B2%E0%B8%99%E0%B8%AD%E0%B8%B2%E0%B8%AB%E0%B8%B2%E0%B8%A3%E0%B9%80%E0%B8%81%E0%B8%B2%E0%B8%AB%E0%B8%A5%E0%B8%B5%E0%B8%A1%E0%B8%B4%E0%B9%82%E0%B8%8B%E0%B9%80%E0%B8%99%E0%B9%88%E0%B9%80%E0%B8%8A%E0%B8%B5%E0%B8%A2%E0%B8%87%E0%B9%83%E0%B8%AB%E0%B8%A1%E0%B9%88/@18.7966791,98.9667307,17z/data=!3m1!4b1!4m9!3m8!1s0x30da3a6215ac90ff:0xec8268cebd798135!5m2!4m1!1i2!8m2!3d18.796674!4d98.9693056!16s%2Fg%2F1hc41xz9p?entry=ttu&g_ep=EgoyMDI2MDEyNS4wIKXMDSoKLDEwMDc5MjA3M0gBUAM%3D"
ร้านไก่ย่างวิเชียรบุรี (นิมมาน 11),"https://www.google.com/maps/place/%E0%B8%A3%E0%B9%89%E0%B8%B2%E0%B8%99%E0%B9%84%E0%B8%81%E0%B9%88%E0%B8%A2%E0%B9%88%E0%B8%B2%E0%B8%87%E0%B8%A7%E0%B8%B4%E0%B9%80%E0%B8%8A%E0%B8%B5%E0%B8%A2%E0%B8%A3%E0%B8%9A%E0%B8%B8%E0%B8%A3%E0%B8%B5+(%E0%B8%99%E0%B8%B4%E0%B8%A1%E0%B8%A1%E0%B8%B2%E0%B8%99+11)/@18.7967136,98.9700374,20.73z/data=!4m6!3m5!1s0x30da3a89b6a750a5:0x90144ee74e740463!8m2!3d18.7967943!4d98.9702896!16s%2Fg%2F11c45z4mgg?entry=ttu&g_ep=EgoyMDI2MDEyNS4wIKXMDSoKLDEwMDc5MjA3M0gBUAM%3D"
ข้าวต้มบาทเดียว,"https://www.google.com/maps/place/%E0%B8%82%E0%B9%89%E0%B8%B2%E0%B8%A7%E0%B8%95%E0%B9%89%E0%B8%A1%E0%B8%9A%E0%B8%B2%E0%B8%97%E0%B9%80%E0%B8%94%E0%B8%B5%E0%B8%A2%E0%B8%A7/@18.7968114,98.9700161,19z/data=!3m1!4b1!4m6!3m5!1s0x30da3a89b2004da5:0xa8c1ea61647aceab!8m2!3d18.7968101!4d98.9706598!16s%2Fg%2F11hcj119tb?entry=ttu&g_ep=EgoyMDI2MDEyNS4wIKXMDSoKLDEwMDc5MjA3M0gBUAM%3D"
เดอะ สลัด คอนเซ็ปท์,"https://www.google.com/maps/place/%E0%B9%80%E0%B8%94%E0%B8%AD%E0%B8%B0+%E0%B8%AA%E0%B8%A5%E0%B8%B1%E0%B8%94+%E0%B8%84%E0%B8%AD%E0%B8%99%E0%B9%80%E0%B8%8B%E0%B9%87%E0%B8%9B%E0%B8%97%E0%B9%8C/@18.7967538,98.9637135,17z/data=!3m1!4b1!4m6!3m5!1s0x30da3a62566ddb89:0xf6e6ed617438d543!8m2!3d18.7967487!4d98.9662884!16s%2Fg%2F119v8tj4w?entry=ttu&g_ep=EgoyMDI2MDEyNS4wIKXMDSoKLDEwMDc5MjA3M0gBUAM%3D"
RAWtruckr,"https://www.google.com/maps/place/RAWtruckr/@18.7966904,98.964384,17z/data=!3m1!4b1!4m6!3m5!1s0x30da3a6258a13da7:0xdecb16381b27edeb!8m2!3d18.7966853!4d98.9669589!16s%2Fg%2F11clzqw9nh?entry=ttu&g_ep=EgoyMDI2MDEyNS4wIKXMDSoKLDEwMDc5MjA3M0gBUAM%3D"
Molto Buono Pizza by Pizza Lady,"https://www.google.com/maps/place/Molto+Buono+Pizza+by+Pizza+Lady/@18.796713,98.9643663,17z/data=!3m1!4b1!4m6!3m5!1s0x30da3a6258afae25:0xbeb696a17459c092!8m2!3d18.7967079!4d98.9669412!16s%2Fg%2F11bxg9lg6h?entry=ttu&g_ep=EgoyMDI2MDEyNS4wIKXMDSoKLDEwMDc5MjA3M0gBUAM%3D"
ต๋องเต็มโต๊ะ,"https://www.google.com/maps/place/%E0%B8%95%E0%B9%8B%E0%B8%AD%E0%B8%87%E0%B9%80%E0%B8%95%E0%B9%87%E0%B8%A1%E0%B9%82%E0%B8%95%E0%B9%8A%E0%B8%B0+%E0%B8%8B%E0%B8%AD%E0%B8%A2+17/@18.7954678,98.9640884,17z/data=!3m1!4b1!4m6!3m5!1s0x30da3beb273b0405:0x6c823a3eb6f90cd3!8m2!3d18.7954627!4d98.9666633!16s%2Fg%2F11scv1870t?entry=ttu&g_ep=EgoyMDI2MDEyNS4wIKXMDSoKLDEwMDc5MjA3M0gBUAM%3D"
Why Not?,"https://www.google.com/maps/place/Why+Not%3F/@18.7966086,98.9653745,17z/data=!3m1!4b1!4m6!3m5!1s0x30da3a62612e0265:0x75c4344aa8e13796!8m2!3d18.7966035!4d98.9679494!16s%2Fg%2F1hm471m8f?entry=ttu&g_ep=EgoyMDI2MDEyNS4wIKXMDSoKLDEwMDc5MjA3M0gBUAM%3D"
JEAB Cafe & Thai Food,"https://www.google.com/maps/place/JEAB+Cafe+%26+Thai+Food/@18.7963565,98.9657457,17z/data=!3m1!4b1!4m6!3m5!1s0x30da3b5b40d5f6af:0xb172eb3ef91dc928!8m2!3d18.7963514!4d98.9683206!16s%2Fg%2F11kc8kdj6v?entry=ttu&g_ep=EgoyMDI2MDEyNS4wIKXMDSoKLDEwMDc5MjA3M0gBUAM%3D"
เหย์ เหย์ ฮอทพอทหม่าล่า สาขาหมู 333,"https://www.google.com/maps/place/%E0%B9%80%E0%B8%AB%E0%B8%A2%E0%B9%8C+%E0%B9%80%E0%B8%AB%E0%B8%A2%E0%B9%8C+%E0%B8%AE%E0%B8%AD%E0%B8%97%E0%B8%9E%E0%B8%AD%E0%B8%97%E0%B8%AB%E0%B8%A1%E0%B9%88%E0%B8%B2%E0%B8%A5%E0%B9%88%E0%B8%B2+%E0%B8%AA%E0%B8%B2%E0%B8%82%E0%B8%B2%E0%B8%AB%E0%B8%A1%E0%B8%B9+333/@18.7962217,98.9659274,17z/data=!3m1!4b1!4m6!3m5!1s0x30da3a631eb2e0b5:0x8b0a8ebc939d9547!8m2!3d18.7962166!4d98.9685023!16s%2Fg%2F11bv2ljgcx?entry=ttu&g_ep=EgoyMDI2MDEyNS4wIKXMDSoKLDEwMDc5MjA3M0gBUAM%3D"
WHYs Nimman Cafe & Restaurant,"https://www.google.com/maps/place/WHYs+Nimman+Cafe+%26+Restaurant/@18.7964959,98.9663951,17z/data=!3m1!4b1!4m6!3m5!1s0x30da3bfaa320d225:0x19a08595bf45a50e!8m2!3d18.7964908!4d98.96897!16s%2Fg%2F11mm7n8gq0?entry=ttu&g_ep=EgoyMDI2MDEyNS4wIKXMDSoKLDEwMDc5MjA3M0gBUAM%3D"
มหาลาบ นครเชียงใหม่,"https://www.google.com/maps/place/%E0%B8%A1%E0%B8%AB%E0%B8%B2%E0%B8%A5%E0%B8%B2%E0%B8%9A+%E0%B8%99%E0%B8%84%E0%B8%A3%E0%B9%80%E0%B8%8A%E0%B8%B5%E0%B8%A2%E0%B8%87%E0%B9%83%E0%B8%AB%E0%B8%A1%E0%B9%88/@18.7962438,98.9671858,17z/data=!3m1!4b1!4m6!3m5!1s0x30da3ba261cc3315:0xbb305428427132a4!8m2!3d18.7962387!4d98.9697607!16s%2Fg%2F11vl8ds6ll?entry=ttu&g_ep=EgoyMDI2MDEyNS4wIKXMDSoKLDEwMDc5MjA3M0gBUAM%3D"
รัก-ทู-อีท,"https://www.google.com/maps/place/%E0%B8%A3%E0%B8%B1%E0%B8%81-%E0%B8%97%E0%B8%B9-%E0%B8%AD%E0%B8%B5%E0%B8%97/@18.7960829,98.9678687,17z/data=!3m1!4b1!4m6!3m5!1s0x30da3b8b5ce394f9:0x2e7b342e50e6acfd!8m2!3d18.7960778!4d98.9704436!16s%2Fg%2F11srs18fg0?entry=ttu&g_ep=EgoyMDI2MDEyNS4wIKXMDSoKLDEwMDc5MjA3M0gBUAM%3D"
Sushi Umai Nimman ซูชิ อูมัย นิมมาน,"https://www.google.com/maps/place/Sushi+Umai+Nimman+%E0%B8%8B%E0%B8%B9%E0%B8%8A%E0%B8%B4+%E0%B8%AD%E0%B8%B9%E0%B8%A1%E0%B8%B1%E0%B8%A2+%E0%B8%99%E0%B8%B4%E0%B8%A1%E0%B8%A1%E0%B8%B2%E0%B8%99/@18.7960092,98.9656807,17z/data=!3m1!4b1!4m6!3m5!1s0x30da3a6301b7e9df:0xe98f17954bc80a7a!8m2!3d18.7960041!4d98.9682556!16s%2Fg%2F11ckvf42_6?entry=ttu&g_ep=EgoyMDI2MDEyNS4wIKXMDSoKLDEwMDc5MjA3M0gBUAM%3D"
Go Green Caf? & Restaurant,"https://www.google.com/maps/place/Go+Green+Caf%C3%A9+%26+Restaurant/@18.7961529,98.9657745,17z/data=!3m1!4b1!4m6!3m5!1s0x30da3b9fea59df5b:0xa3dcc06d641e344a!8m2!3d18.7961478!4d98.9683494!16s%2Fg%2F11vb0tkj8x?entry=ttu&g_ep=EgoyMDI2MDEyNS4wIKXMDSoKLDEwMDc5MjA3M0gBUAM%3D"
อร่อยจุ่มแซบ,"https://www.google.com/maps/place/%E0%B8%AD%E0%B8%A3%E0%B9%88%E0%B8%AD%E0%B8%A2%E0%B8%88%E0%B8%B8%E0%B9%88%E0%B8%A1%E0%B9%81%E0%B8%8B%E0%B8%9A/@18.7950117,98.9680516,17z/data=!3m1!4b1!4m6!3m5!1s0x30da3a886823e983:0x4bd950b20501bab8!8m2!3d18.7950066!4d98.9706265!16s%2Fg%2F11c5b5m267?entry=ttu&g_ep=EgoyMDI2MDEyNS4wIKXMDSoKLDEwMDc5MjA3M0gBUAM%3D"
เตี๋ยวยำโบราณ,"https://www.google.com/maps/place/%E0%B9%80%E0%B8%95%E0%B8%B5%E0%B9%8B%E0%B8%A2%E0%B8%A7%E0%B8%A2%E0%B8%B3%E0%B9%82%E0%B8%9A%E0%B8%A3%E0%B8%B2%E0%B8%93/@18.7949805,98.9680401,17z/data=!3m1!4b1!4m6!3m5!1s0x30da3b2cf4a771a5:0xf46ad7941d6db936!8m2!3d18.7949754!4d98.970615!16s%2Fg%2F11t616stdr?entry=ttu&g_ep=EgoyMDI2MDEyNS4wIKXMDSoKLDEwMDc5MjA3M0gBUAM%3D"
So Good Thai Restaurant,"https://www.google.com/maps/place/So+Good+Thai+Restaurant/@18.7960831,98.9640008,17z/data=!3m1!4b1!4m6!3m5!1s0x30da3be2a4999c97:0x397e37df8707dd05!8m2!3d18.796078!4d98.9665757!16s%2Fg%2F11v6zkmy9c?entry=ttu&g_ep=EgoyMDI2MDEyNS4wIKXMDSoKLDEwMDc5MjA3M0gBUAM%3D"
PaiYanYai Coffee - Cafe & Workspace,"https://www.google.com/maps/place/PaiYanYai+Coffee+-+Cafe+%26+Workspace/@18.7959529,98.9656785,17z/data=!3m1!4b1!4m6!3m5!1s0x30da309e34d5dd35:0xbe17c6bbe9ffae75!8m2!3d18.7959478!4d98.9682534!16s%2Fg%2F1hc9c7zjm?entry=ttu&g_ep=EgoyMDI2MDEyNS4wIKXMDSoKLDEwMDc5MjA3M0gBUAM%3D"
Rock Me Burger & Bar Nimman Branch,"https://www.google.com/maps/place/Rock+Me+Burger+%26+Bar+Nimman+Branch/@18.7958294,98.9657309,17z/data=!3m1!4b1!4m6!3m5!1s0x30da3a629b5dc649:0x95bca5e616ef906c!8m2!3d18.7958243!4d98.9683058!16s%2Fg%2F11gdy6zldh?entry=ttu&g_ep=EgoyMDI2MDEyNS4wIKXMDSoKLDEwMDc5MjA3M0gBUAM%3D"
Panini&Co.,"https://www.google.com/maps/place/Panini%26Co./@18.7954395,98.9638753,17z/data=!3m1!4b1!4m6!3m5!1s0x30da3be3a339cde9:0x877bb14a5e48946f!8m2!3d18.7954344!4d98.9664502!16s%2Fg%2F11s8l753x3?entry=ttu&g_ep=EgoyMDI2MDEyNS4wIKXMDSoKLDEwMDc5MjA3M0gBUAM%3D"
ต๋องเต็มโต๊ะ ซอย 17,"https://www.google.com/maps/place/%E0%B8%95%E0%B9%8B%E0%B8%AD%E0%B8%87%E0%B9%80%E0%B8%95%E0%B9%87%E0%B8%A1%E0%B9%82%E0%B8%95%E0%B9%8A%E0%B8%B0+%E0%B8%8B%E0%B8%AD%E0%B8%A2+17/@18.7954678,98.9640884,17z/data=!3m1!4b1!4m6!3m5!1s0x30da3beb273b0405:0x6c823a3eb6f90cd3!8m2!3d18.7954627!4d98.9666633!16s%2Fg%2F11scv1870t?entry=ttu&g_ep=EgoyMDI2MDEyNS4wIKXMDSoKLDEwMDc5MjA3M0gBUAM%3D"
คุณหมอคูซีน,"https://www.google.com/maps/place/%E0%B8%84%E0%B8%B8%E0%B8%93%E0%B8%AB%E0%B8%A1%E0%B8%AD%E0%B8%84%E0%B8%B9%E0%B8%8B%E0%B8%B5%E0%B8%99/@18.7952384,98.9642225,17z/data=!3m1!4b1!4m6!3m5!1s0x30da3a62ea00e001:0xe0c704b69023bc26!8m2!3d18.7952333!4d98.9667974!16s%2Fg%2F1hm1_ng97?entry=ttu&g_ep=EgoyMDI2MDEyNS4wIKXMDSoKLDEwMDc5MjA3M0gBUAM%3D"
ร้านนิมมานคัทสึ,"https://www.google.com/maps/place/%E0%B8%A3%E0%B9%89%E0%B8%B2%E0%B8%99%E0%B8%99%E0%B8%B4%E0%B8%A1%E0%B8%A1%E0%B8%B2%E0%B8%99%E0%B8%84%E0%B8%B1%E0%B8%97%E0%B8%AA%E0%B8%B6/@18.7951732,98.9644649,17z/data=!3m1!4b1!4m6!3m5!1s0x30da3b3e6a86a78f:0xf86417a95f8adf52!8m2!3d18.7951681!4d98.9670398!16s%2Fg%2F11h05n4qrs?entry=ttu&g_ep=EgoyMDI2MDEyNS4wIKXMDSoKLDEwMDc5MjA3M0gBUAM%3D"
Always LOAF U Nimman Soi.17 (ออเวย์ โลฟ ยู),"https://www.google.com/maps/place/Always+LOAF+U+Nimman+Soi.17+(%E0%B8%AD%E0%B8%AD%E0%B9%80%E0%B8%A7%E0%B8%A2%E0%B9%8C+%E0%B9%82%E0%B8%A5%E0%B8%9F+%E0%B8%A2%E0%B8%B9)/@18.7951048,98.9645536,17z/data=!3m1!4b1!4m6!3m5!1s0x30da317a3424f1b7:0x98067918a4e14f50!8m2!3d18.7950997!4d98.9671285!16s%2Fg%2F11t2s92bz_?entry=ttu&g_ep=EgoyMDI2MDEyNS4wIKXMDSoKLDEwMDc5MjA3M0gBUAM%3D"
ฮันกัง,"https://www.google.com/maps/place/%E0%B8%AE%E0%B8%B1%E0%B8%99%E0%B8%81%E0%B8%B1%E0%B8%87/@18.7951337,98.9647278,17z/data=!3m1!4b1!4m6!3m5!1s0x30da3b35f7739b5f:0x692a1a8111b55e90!8m2!3d18.7951286!4d98.9673027!16s%2Fg%2F11v3hbqrbh?entry=ttu&g_ep=EgoyMDI2MDEyNS4wIKXMDSoKLDEwMDc5MjA3M0gBUAM%3D"
Beast Burger and Pizza (Chiang Mai),"https://www.google.com/maps/place/Beast+Burger+and+Pizza+(Chiang+Mai)/@18.7950396,98.9651101,17z/data=!3m1!4b1!4m6!3m5!1s0x30da3a6253eb3eb7:0x47a4dbbf20f11d3c!8m2!3d18.7950345!4d98.967685!16s%2Fg%2F11byty4w2z?entry=ttu&g_ep=EgoyMDI2MDEyNS4wIKXMDSoKLDEwMDc5MjA3M0gBUAM%3D"
ทองสมิทธ์,"https://www.google.com/maps/place/%E0%B8%97%E0%B8%AD%E0%B8%87%E0%B8%AA%E0%B8%A1%E0%B8%B4%E0%B8%97%E0%B8%98%E0%B9%8C/@18.7946133,98.9691917,19.3z/data=!4m6!3m5!1s0x30da3bb8887a03c3:0x8ef3a6a43afa39a1!8m2!3d18.794203!4d98.9693421!16s%2Fg%2F11ww_s4wt_?entry=ttu&g_ep=EgoyMDI2MDEyNS4wIKXMDSoKLDEwMDc5MjA3M0gBUAM%3D"
คั่วไก่ นิมมาน,"https://www.google.com/maps/place/%E0%B8%84%E0%B8%B1%E0%B9%88%E0%B8%A7%E0%B9%84%E0%B8%81%E0%B9%88+%E0%B8%99%E0%B8%B4%E0%B8%A1%E0%B8%A1%E0%B8%B2%E0%B8%99/@18.7942937,98.9687627,19z/data=!3m1!4b1!4m6!3m5!1s0x30da3b9e51e67bc1:0xf1ceebedb20d2835!8m2!3d18.7942924!4d98.9694064!16s%2Fg%2F11bwq90d25?entry=ttu&g_ep=EgoyMDI2MDEyNS4wIKXMDSoKLDEwMDc5MjA3M0gBUAM%3D"
พ๊อตโตะ,"https://www.google.com/maps/place/%E0%B8%9E%E0%B9%8A%E0%B8%AD%E0%B8%95%E0%B9%82%E0%B8%95%E0%B8%B0/@18.7937691,98.9681511,17z/data=!3m1!4b1!4m6!3m5!1s0x30da3a87d89185c3:0xb9b0e53739e10870!8m2!3d18.793764!4d98.970726!16s%2Fg%2F11c3_9r9z6?entry=ttu&g_ep=EgoyMDI2MDEyNS4wIKXMDSoKLDEwMDc5MjA3M0gBUAM%3D"
นินจา ราเมง,"https://www.google.com/maps/place/%E0%B8%99%E0%B8%B4%E0%B8%99%E0%B8%88%E0%B8%B2+%E0%B8%A3%E0%B8%B2%E0%B9%80%E0%B8%A1%E0%B8%87/@18.7989411,98.9687162,17z/data=!3m1!4b1!4m6!3m5!1s0x30da3a89823e378d:0x85a4c4c43fd21964!8m2!3d18.798936!4d98.9712911!16s%2Fg%2F1wfp662h?entry=ttu&g_ep=EgoyMDI2MDEyNS4wIKXMDSoKLDEwMDc5MjA3M0gBUAM%3D"
Monday diner Grill & Korean Food,"https://www.google.com/maps/place/Monday+diner+Grill+%26+Korean+Food/@18.7986269,98.9686079,17z/data=!3m1!4b1!4m6!3m5!1s0x30da3b1ad096604b:0xb26163b6046815cb!8m2!3d18.7986218!4d98.9711828!16s%2Fg%2F11tf40vzjx?entry=ttu&g_ep=EgoyMDI2MDEyNS4wIKXMDSoKLDEwMDc5MjA3M0gBUAM%3D"
ก๋วยจั๊บฟ้าธานี,"https://www.google.com/maps/place/%E0%B8%81%E0%B9%8B%E0%B8%A7%E0%B8%A2%E0%B8%88%E0%B8%B1%E0%B9%8A%E0%B8%9A%E0%B8%9F%E0%B9%89%E0%B8%B2%E0%B8%98%E0%B8%B2%E0%B8%99%E0%B8%B5/@18.7980918,98.9684741,17z/data=!3m1!4b1!4m6!3m5!1s0x30da3a8998dcbb83:0x612f1bf40a23206d!8m2!3d18.7980867!4d98.971049!16s%2Fg%2F11bxf_g6n1?entry=ttu&g_ep=EgoyMDI2MDEyNS4wIKXMDSoKLDEwMDc5MjA3M0gBUAM%3D"
แดน ข้าวมันไก่ บายแมก สาขาศิริมังคลาจารย์,"https://www.google.com/maps/place/%E0%B9%81%E0%B8%94%E0%B8%99+%E0%B8%82%E0%B9%89%E0%B8%B2%E0%B8%A7%E0%B8%A1%E0%B8%B1%E0%B8%99%E0%B9%84%E0%B8%81%E0%B9%88+%E0%B8%9A%E0%B8%B2%E0%B8%A2%E0%B9%81%E0%B8%A1%E0%B8%81+%E0%B8%AA%E0%B8%B2%E0%B8%82%E0%B8%B2%E0%B8%A8%E0%B8%B4%E0%B8%A3%E0%B8%B4%E0%B8%A1%E0%B8%B1%E0%B8%87%E0%B8%84%E0%B8%A5%E0%B8%B2%E0%B8%88%E0%B8%B2%E0%B8%A3%E0%B8%A2%E0%B9%8C/@18.7977842,98.968459,17z/data=!3m1!4b1!4m6!3m5!1s0x30da3b05b73dd289:0xcc69b296d05239d!8m2!3d18.7977791!4d98.9710339!16s%2Fg%2F11flt86hzk?entry=ttu&g_ep=EgoyMDI2MDEyNS4wIKXMDSoKLDEwMDc5MjA3M0gBUAM%3D"
นายเพทาย หมูทอด-ไก่ทอด,"https://www.google.com/maps/place/%E0%B8%99%E0%B8%B2%E0%B8%A2%E0%B9%80%E0%B8%9E%E0%B8%97%E0%B8%B2%E0%B8%A2+%E0%B8%AB%E0%B8%A1%E0%B8%B9%E0%B8%97%E0%B8%AD%E0%B8%94-%E0%B9%84%E0%B8%81%E0%B9%88%E0%B8%97%E0%B8%AD%E0%B8%94/@18.7972571,98.9683846,17z/data=!3m1!4b1!4m6!3m5!1s0x30da3b11c34f3ce9:0xf750dc0a3ebfff72!8m2!3d18.797252!4d98.9709595!16s%2Fg%2F11gjwfpwht?entry=ttu&g_ep=EgoyMDI2MDEyNS4wIKXMDSoKLDEwMDc5MjA3M0gBUAM%3D"
เช้า เช้า อาหารเช้าเชียงใหม่,"https://www.google.com/maps/place/%E0%B9%80%E0%B8%8A%E0%B9%89%E0%B8%B2+%E0%B9%80%E0%B8%8A%E0%B9%89%E0%B8%B2+%E0%B8%AD%E0%B8%B2%E0%B8%AB%E0%B8%B2%E0%B8%A3%E0%B9%80%E0%B8%8A%E0%B9%89%E0%B8%B2%E0%B9%80%E0%B8%8A%E0%B8%B5%E0%B8%A2%E0%B8%87%E0%B9%83%E0%B8%AB%E0%B8%A1%E0%B9%88/@18.7966598,98.9687612,17z/data=!3m1!4b1!4m6!3m5!1s0x30da3b5d40d43dff:0x798f2a002441f7d9!8m2!3d18.7966547!4d98.9713361!16s%2Fg%2F11l_19jzmj?entry=ttu&g_ep=EgoyMDI2MDEyNS4wIKXMDSoKLDEwMDc5MjA3M0gBUAM%3D"
Japanese BBQ omochi,"https://www.google.com/maps/place/Japanese+BBQ+omochi/@18.7954339,98.968394,17z/data=!3m1!4b1!4m6!3m5!1s0x30da3b059e754e55:0x55fd79fa3d46fdf9!8m2!3d18.7954288!4d98.9709689!16s%2Fg%2F11lnwt13n2?entry=ttu&g_ep=EgoyMDI2MDEyNS4wIKXMDSoKLDEwMDc5MjA3M0gBUAM%3D"
Sora Izakaya Japanese Food,"https://www.google.com/maps/place/Sora+Izakaya+Japanese+Food/@18.7952139,98.9687586,17z/data=!3m1!4b1!4m6!3m5!1s0x30da3a885f70fd89:0xbf51f2090595f05!8m2!3d18.7952088!4d98.9713335!16s%2Fg%2F11bzq36rsk?entry=ttu&g_ep=EgoyMDI2MDEyNS4wIKXMDSoKLDEwMDc5MjA3M0gBUAM%3D"
Groon,"https://www.google.com/maps/place/Groon/@18.7951737,98.9684938,17z/data=!3m1!4b1!4m6!3m5!1s0x30da3b62bb5a1dff:0x34b6af5914258b75!8m2!3d18.7951686!4d98.9710687!16s%2Fg%2F11j21143y8?entry=ttu&g_ep=EgoyMDI2MDEyNS4wIKXMDSoKLDEwMDc5MjA3M0gBUAM%3D"
ข้าวมันไก่ โกยี,"https://www.google.com/maps/place/%E0%B8%82%E0%B9%89%E0%B8%B2%E0%B8%A7%E0%B8%A1%E0%B8%B1%E0%B8%99%E0%B9%84%E0%B8%81%E0%B9%88+%E0%B9%82%E0%B8%81%E0%B8%A2%E0%B8%B5/@18.7939161,98.9682906,17z/data=!3m1!4b1!4m6!3m5!1s0x30da3a88798b22f3:0x8ae9351d693b53fa!8m2!3d18.793911!4d98.9708655!16s%2Fg%2F11bx9x2lb0?entry=ttu&g_ep=EgoyMDI2MDEyNS4wIKXMDSoKLDEwMDc5MjA3M0gBUAM%3D"
ก๋วยเตี๋ยวเรือ อองตอง,"https://www.google.com/maps/place/%E0%B8%81%E0%B9%8B%E0%B8%A7%E0%B8%A2%E0%B9%80%E0%B8%95%E0%B8%B5%E0%B9%8B%E0%B8%A2%E0%B8%A7%E0%B9%80%E0%B8%A3%E0%B8%B7%E0%B8%AD+%E0%B8%AD%E0%B8%AD%E0%B8%87%E0%B8%95%E0%B8%AD%E0%B8%87/@18.7937996,98.9687071,17z/data=!3m1!4b1!4m6!3m5!1s0x30da3a8883ebc7b3:0x58dc35df57efb749!8m2!3d18.7937945!4d98.971282!16s%2Fg%2F11b6hsknc_?entry=ttu&g_ep=EgoyMDI2MDEyNS4wIKXMDSoKLDEwMDc5MjA3M0gBUAM%3D"
